Dish Name,Calories (kCal),Carbohydrate (g),Protein (g),Fats (g),Free Sugar (g),Sodium (mg),Calcium (mg),Iron (mg),Vitamin C (mg),Folate (µg)
Hot tea (Garam Chai),16.14,2.58,0.39,0.53,2.58,3.12,14.2,0.02,0.5,1.8
Instant coffee,23.16,3.65,0.64,0.75,3.62,0,4.92,20.87,0.06,1.51
Espresso coffee,51.54,6.62,1.75,2.14,6.53,0,12.98,58.1,0.15,1.51
Coffee,10.34,2.7,0.03,0.01,2.7,0,0.63,1.18,0.02,5.95
Raw mango drink (Aam panna),35.92,9.05,0.16,0.03,7.49,0.61,79.82,7.08,0.14,45.3
Fruit Punch (with fresh juices),38.12,9.38,0.14,0.03,7.87,0.06,2.63,1.8,0.1,41.44